Borrower_ID,Top_1_ID,Top_1_Prob,Top_2_ID,Top_2_Prob,Top_3_ID,Top_3_Prob,Top_4_ID,Top_4_Prob,Top_5_ID,Top_5_Prob
0,129,0.305,58,0.305,80,0.303,912,0.298,718,0.296
1,129,0.316,80,0.315,314,0.309,989,0.308,320,0.306
2,129,0.153,80,0.153,989,0.151,196,0.151,890,0.15
3,80,0.237,129,0.236,679,0.233,303,0.232,989,0.232
4,129,0.751,80,0.751,912,0.734,989,0.731,348,0.727
5,80,0.277,129,0.274,718,0.271,912,0.268,320,0.266
6,80,0.522,989,0.518,129,0.515,912,0.505,196,0.504
7,80,0.271,129,0.268,348,0.266,912,0.264,718,0.26
8,80,0.89,129,0.885,912,0.869,989,0.865,320,0.861
9,80,0.288,129,0.287,989,0.283,196,0.281,912,0.28
10,80,0.31,129,0.306,912,0.302,989,0.302,320,0.3
11,80,0.206,129,0.203,989,0.201,320,0.199,718,0.197
12,80,0.714,129,0.71,912,0.694,989,0.694,196,0.689
13,80,0.249,129,0.248,912,0.246,989,0.245,718,0.244
14,80,0.188,303,0.186,129,0.185,320,0.185,912,0.185
15,80,0.552,129,0.548,303,0.539,912,0.539,989,0.535
16,80,0.812,129,0.807,989,0.791,912,0.786,320,0.784
17,912,0.165,80,0.164,129,0.163,989,0.163,320,0.162
18,80,0.081,348,0.081,912,0.081,338,0.081,469,0.081
19,80,0.751,129,0.745,989,0.728,912,0.727,320,0.718
20,80,0.301,348,0.296,129,0.295,718,0.294,989,0.291
21,80,0.097,303,0.096,348,0.095,129,0.095,320,0.095
22,80,0.861,129,0.855,989,0.842,912,0.83,196,0.828
23,80,0.536,129,0.533,912,0.531,320,0.523,196,0.52
24,80,0.149,989,0.149,718,0.148,129,0.148,890,0.145
25,80,0.339,129,0.335,320,0.328,348,0.328,989,0.328
26,80,0.378,129,0.376,989,0.372,912,0.366,196,0.366
27,80,0.497,129,0.491,320,0.485,196,0.485,989,0.481
28,80,0.16,912,0.16,129,0.16,196,0.159,303,0.158
29,80,0.501,129,0.494,912,0.483,989,0.483,348,0.483
30,80,0.037,718,0.037,320,0.037,577,0.037,912,0.037
31,80,0.61,129,0.607,912,0.591,989,0.59,320,0.589
32,80,0.564,196,0.558,129,0.557,912,0.556,718,0.552
33,129,0.155,80,0.154,348,0.152,320,0.15,196,0.15
34,80,0.264,129,0.263,912,0.26,320,0.257,989,0.256
35,80,0.432,129,0.42,912,0.419,989,0.419,303,0.418
36,80,0.83,129,0.823,912,0.807,989,0.806,320,0.806
37,80,0.154,129,0.153,348,0.152,989,0.15,303,0.15
38,80,0.282,129,0.282,912,0.28,989,0.277,196,0.276
39,303,0.058,80,0.058,679,0.057,348,0.057,320,0.057
40,80,0.571,129,0.565,912,0.561,196,0.56,989,0.556
41,80,0.149,989,0.148,320,0.145,718,0.145,303,0.144
42,129,0.195,912,0.194,80,0.194,718,0.192,989,0.192
43,80,0.12,129,0.12,196,0.119,348,0.119,303,0.119
44,129,0.149,80,0.148,320,0.145,303,0.144,989,0.144
45,80,0.123,129,0.123,471,0.121,230,0.121,989,0.12
46,80,0.279,58,0.279,129,0.276,577,0.272,196,0.271
47,129,0.422,80,0.42,912,0.418,989,0.411,8,0.41
48,80,0.094,303,0.094,129,0.094,471,0.092,8,0.092
49,129,0.087,80,0.086,196,0.086,348,0.085,684,0.085
50,80,0.3,989,0.298,129,0.296,471,0.294,469,0.293
51,80,0.644,129,0.643,989,0.641,912,0.626,469,0.622
52,80,0.409,129,0.406,912,0.4,989,0.398,196,0.395
53,80,0.414,129,0.413,989,0.405,912,0.401,320,0.401
54,129,0.296,80,0.295,196,0.292,320,0.291,989,0.289
55,80,0.541,129,0.538,912,0.533,989,0.527,196,0.523
56,129,0.236,80,0.236,348,0.234,196,0.233,989,0.232
57,80,0.039,824,0.039,12,0.038,912,0.038,469,0.038
58,80,0.911,129,0.906,989,0.883,912,0.88,320,0.878
59,80,0.43,129,0.424,912,0.415,320,0.414,989,0.413
60,80,0.762,129,0.753,989,0.749,912,0.734,718,0.731
61,80,0.456,129,0.452,989,0.45,471,0.45,912,0.443
62,80,0.271,129,0.267,912,0.266,303,0.264,989,0.263
63,80,0.241,129,0.238,320,0.236,989,0.235,912,0.234
64,80,0.53,129,0.526,912,0.521,989,0.516,320,0.515
65,129,0.239,80,0.238,989,0.232,912,0.231,471,0.231
66,129,0.359,80,0.357,989,0.348,912,0.345,303,0.344
67,80,0.274,129,0.269,196,0.268,912,0.266,58,0.265
68,80,0.522,718,0.516,129,0.514,989,0.507,912,0.502
69,80,0.142,989,0.142,912,0.141,348,0.141,303,0.141
70,80,0.576,129,0.574,196,0.564,912,0.563,989,0.561
71,129,0.421,80,0.42,912,0.414,989,0.409,718,0.408
72,80,0.23,989,0.228,129,0.226,196,0.225,718,0.221
73,80,0.115,303,0.113,196,0.112,471,0.112,989,0.111
74,80,0.224,129,0.222,912,0.219,989,0.219,471,0.218
75,80,0.635,129,0.628,989,0.62,912,0.616,196,0.614
76,80,0.172,912,0.171,348,0.17,129,0.17,196,0.168
77,80,0.502,129,0.501,912,0.491,989,0.488,320,0.487
78,80,0.159,320,0.157,129,0.157,348,0.155,989,0.154
79,80,0.253,129,0.252,989,0.25,196,0.245,58,0.245
80,129,0.954,989,0.933,912,0.926,320,0.923,196,0.92
81,129,0.139,80,0.139,912,0.137,196,0.135,718,0.135
82,989,0.182,80,0.182,129,0.18,912,0.176,469,0.175
83,129,0.167,80,0.165,912,0.164,989,0.164,718,0.162
84,129,0.613,80,0.611,320,0.6,912,0.595,989,0.595
85,320,0.127,129,0.126,912,0.126,196,0.126,80,0.125
86,80,0.458,129,0.45,989,0.448,912,0.44,320,0.436
87,80,0.26,129,0.254,718,0.252,320,0.251,912,0.251
88,80,0.703,129,0.701,989,0.687,912,0.681,196,0.677
89,8,0.106,718,0.106,80,0.106,129,0.106,989,0.105
90,80,0.336,129,0.333,912,0.325,196,0.325,718,0.324
91,129,0.13,80,0.13,989,0.129,303,0.129,348,0.127
92,303,0.113,80,0.113,129,0.112,912,0.112,890,0.111
93,80,0.794,129,0.793,989,0.775,912,0.767,320,0.763
94,80,0.301,129,0.298,912,0.295,196,0.293,989,0.292
95,129,0.128,80,0.127,58,0.127,679,0.125,196,0.125
96,80,0.307,196,0.304,129,0.303,912,0.302,989,0.3
97,912,0.084,80,0.084,129,0.084,864,0.083,989,0.083
98,80,0.061,989,0.061,912,0.06,129,0.06,320,0.06
99,80,0.368,129,0.366,320,0.36,196,0.358,718,0.357
100,80,0.415,129,0.412,989,0.405,912,0.4,196,0.399
101,80,0.616,129,0.614,989,0.599,320,0.596,912,0.595
102,129,0.38,80,0.38,912,0.378,196,0.375,718,0.373
103,80,0.135,912,0.133,129,0.132,303,0.132,679,0.131
104,80,0.524,129,0.523,912,0.51,196,0.509,989,0.509
105,129,0.111,80,0.111,989,0.11,912,0.11,8,0.109
106,303,0.118,129,0.117,858,0.116,890,0.116,80,0.115
107,80,0.378,129,0.375,912,0.371,989,0.37,196,0.366
108,129,0.338,80,0.335,348,0.329,890,0.329,912,0.329
109,80,0.109,320,0.108,129,0.107,912,0.106,348,0.106
110,80,0.363,129,0.359,320,0.356,989,0.355,58,0.352
111,80,0.11,989,0.109,718,0.108,129,0.107,58,0.106
112,129,0.436,80,0.433,320,0.428,989,0.425,58,0.423
113,80,0.716,129,0.714,989,0.7,196,0.692,912,0.689
114,80,0.368,129,0.367,989,0.365,718,0.361,912,0.358
115,80,0.183,129,0.181,196,0.181,912,0.178,471,0.177
116,8,0.038,80,0.038,129,0.038,912,0.037,469,0.037
117,80,0.406,129,0.402,989,0.396,912,0.395,196,0.393
118,80,0.17,989,0.169,348,0.168,129,0.168,912,0.168
119,80,0.687,129,0.685,989,0.68,912,0.666,469,0.665
120,80,0.301,129,0.298,989,0.294,912,0.294,303,0.293
121,129,0.164,80,0.164,320,0.162,989,0.162,679,0.16
122,129,0.429,80,0.428,989,0.419,320,0.418,912,0.418
123,80,0.377,129,0.37,912,0.367,989,0.365,320,0.365
124,129,0.425,80,0.42,58,0.416,912,0.414,989,0.413
125,80,0.773,129,0.772,989,0.75,912,0.747,320,0.746
126,80,0.173,129,0.172,196,0.171,912,0.169,989,0.169
127,80,0.115,912,0.115,129,0.114,58,0.113,577,0.112
128,80,0.252,196,0.252,129,0.251,8,0.251,320,0.25
129,80,0.954,989,0.927,320,0.924,912,0.92,196,0.918
130,80,0.239,129,0.236,196,0.235,320,0.233,303,0.233
131,36,0.049,80,0.049,989,0.049,280,0.048,320,0.048
132,129,0.396,80,0.394,679,0.392,912,0.389,320,0.386
133,129,0.487,80,0.485,912,0.473,718,0.471,58,0.47
134,80,0.198,129,0.195,989,0.193,196,0.192,303,0.191
135,80,0.308,989,0.305,469,0.304,129,0.304,58,0.302
136,912,0.218,129,0.215,196,0.215,80,0.214,348,0.213
137,129,0.449,80,0.448,320,0.438,912,0.436,989,0.434
138,80,0.505,129,0.494,912,0.493,348,0.493,989,0.49
139,80,0.427,129,0.423,989,0.419,912,0.417,196,0.415
140,80,0.465,129,0.464,912,0.46,989,0.456,58,0.45
141,80,0.454,129,0.454,912,0.445,989,0.443,303,0.441
142,80,0.072,129,0.072,912,0.072,58,0.072,989,0.071
143,80,0.41,129,0.408,989,0.403,912,0.402,348,0.398
144,80,0.298,129,0.296,989,0.295,196,0.291,912,0.289
145,80,0.393,129,0.387,912,0.386,989,0.385,196,0.381
146,80,0.276,129,0.273,989,0.27,469,0.269,196,0.268
147,129,0.465,80,0.464,912,0.456,989,0.455,320,0.454
148,679,0.101,912,0.1,989,0.1,129,0.098,348,0.098
149,80,0.246,129,0.246,912,0.243,320,0.242,989,0.24
150,303,0.194,80,0.194,196,0.192,129,0.192,718,0.19
151,80,0.507,129,0.499,196,0.493,320,0.49,989,0.489
152,80,0.207,129,0.207,320,0.206,912,0.204,718,0.204
153,80,0.603,129,0.598,989,0.592,912,0.589,320,0.581
154,80,0.117,129,0.117,718,0.115,320,0.115,58,0.114
155,80,0.411,129,0.41,303,0.404,912,0.402,989,0.401
156,80,0.171,129,0.168,912,0.167,989,0.164,679,0.164
157,80,0.192,196,0.191,912,0.188,58,0.188,8,0.187
158,80,0.348,912,0.348,196,0.343,129,0.342,8,0.338
159,80,0.357,912,0.354,129,0.352,989,0.351,196,0.35
160,80,0.235,129,0.23,989,0.23,320,0.229,912,0.228
161,80,0.304,989,0.298,129,0.297,912,0.294,320,0.292
162,80,0.67,129,0.669,912,0.658,320,0.657,196,0.655
163,80,0.624,129,0.617,989,0.606,718,0.604,196,0.602
164,80,0.329,129,0.322,912,0.322,989,0.319,718,0.318
165,80,0.224,912,0.222,129,0.221,196,0.217,320,0.217
166,679,0.047,129,0.047,718,0.047,469,0.046,80,0.046
167,80,0.479,129,0.471,989,0.466,912,0.462,320,0.459
168,320,0.091,80,0.091,303,0.089,989,0.089,348,0.089
169,80,0.316,129,0.309,912,0.307,679,0.304,989,0.304
170,129,0.086,912,0.085,80,0.084,303,0.083,342,0.083
171,80,0.229,129,0.228,912,0.223,320,0.22,196,0.219
172,80,0.133,912,0.131,303,0.13,989,0.13,129,0.13
173,80,0.173,8,0.17,348,0.17,129,0.169,718,0.169
174,129,0.318,80,0.315,989,0.307,348,0.307,912,0.304
175,858,0.227,80,0.227,129,0.227,303,0.226,912,0.225
176,129,0.608,80,0.608,989,0.596,303,0.592,912,0.592
177,80,0.784,129,0.784,912,0.762,989,0.762,196,0.758
178,80,0.053,129,0.053,196,0.052,303,0.052,989,0.052
179,679,0.078,912,0.078,129,0.077,80,0.077,196,0.077
180,80,0.135,129,0.134,679,0.132,196,0.131,303,0.13
181,80,0.671,129,0.668,320,0.653,718,0.651,989,0.65
182,80,0.491,129,0.487,989,0.481,320,0.48,912,0.477
183,80,0.214,129,0.212,196,0.21,912,0.21,320,0.209
184,80,0.249,129,0.246,989,0.243,196,0.241,912,0.24
185,129,0.228,989,0.225,80,0.225,890,0.224,58,0.222
186,912,0.469,80,0.467,196,0.466,129,0.465,718,0.458
187,80,0.567,129,0.563,989,0.56,912,0.553,320,0.547
188,320,0.029,348,0.029,129,0.029,577,0.029,80,0.029
189,80,0.186,469,0.183,129,0.182,58,0.182,989,0.181
190,80,0.543,989,0.538,129,0.537,320,0.527,469,0.526
191,80,0.345,129,0.34,303,0.336,320,0.333,679,0.332
192,80,0.206,196,0.202,912,0.202,129,0.202,679,0.199
193,80,0.594,129,0.59,912,0.577,58,0.574,989,0.574
194,80,0.136,912,0.134,196,0.133,320,0.132,129,0.132
195,80,0.58,129,0.576,912,0.564,989,0.56,320,0.559
196,80,0.92,129,0.918,912,0.894,989,0.892,320,0.888
197,80,0.376,912,0.376,129,0.373,989,0.367,320,0.366
198,80,0.065,912,0.065,129,0.065,320,0.065,718,0.064
199,80,0.051,8,0.05,314,0.05,469,0.05,58,0.05
200,129,0.152,912,0.151,80,0.151,718,0.149,320,0.149
201,129,0.295,912,0.291,80,0.291,196,0.291,469,0.291
202,80,0.241,129,0.238,912,0.238,858,0.232,469,0.231
203,80,0.731,129,0.726,989,0.713,912,0.711,320,0.708
204,80,0.472,989,0.468,129,0.466,912,0.463,196,0.458
205,80,0.207,129,0.206,320,0.204,989,0.203,912,0.201
206,80,0.28,129,0.277,320,0.276,196,0.274,989,0.273
207,912,0.275,80,0.274,196,0.272,989,0.269,58,0.268
208,80,0.129,469,0.128,989,0.127,129,0.127,58,0.127
209,80,0.34,129,0.339,912,0.338,989,0.332,196,0.331
210,129,0.151,80,0.151,471,0.149,679,0.148,912,0.148
211,80,0.585,129,0.583,912,0.571,320,0.567,989,0.567
212,80,0.446,129,0.442,989,0.43,912,0.43,320,0.426
213,80,0.093,129,0.093,196,0.092,303,0.091,577,0.091
214,80,0.125,348,0.123,129,0.122,196,0.121,471,0.12
215,129,0.095,314,0.093,577,0.093,8,0.092,469,0.092
216,80,0.699,129,0.693,989,0.682,912,0.68,320,0.673
217,80,0.718,129,0.717,989,0.699,320,0.697,912,0.696
218,80,0.543,129,0.541,912,0.532,989,0.532,196,0.527
219,80,0.257,196,0.254,129,0.254,912,0.253,58,0.25
220,80,0.358,129,0.353,718,0.344,348,0.343,912,0.343
221,348,0.22,80,0.22,129,0.217,989,0.215,196,0.215
222,80,0.15,320,0.147,912,0.146,129,0.146,58,0.145
223,129,0.382,80,0.381,989,0.378,912,0.372,303,0.372
224,80,0.201,912,0.198,989,0.197,129,0.196,196,0.194
225,80,0.142,989,0.14,129,0.139,912,0.138,469,0.136
226,80,0.191,912,0.191,196,0.188,320,0.187,303,0.187
227,80,0.633,129,0.629,912,0.615,989,0.614,718,0.613
228,80,0.193,129,0.19,912,0.189,718,0.189,989,0.188
229,80,0.177,129,0.177,320,0.173,718,0.171,469,0.171
230,80,0.852,129,0.849,989,0.824,320,0.823,912,0.821
231,129,0.243,80,0.241,196,0.238,912,0.236,718,0.236
232,989,0.171,471,0.17,80,0.169,129,0.168,348,0.167
233,80,0.532,129,0.529,196,0.518,989,0.517,912,0.511
234,989,0.044,679,0.043,314,0.043,129,0.043,471,0.043
235,80,0.787,129,0.783,989,0.766,912,0.764,196,0.756
236,80,0.434,129,0.433,989,0.427,196,0.426,320,0.423
237,129,0.103,989,0.102,469,0.102,912,0.102,80,0.102
238,129,0.135,303,0.134,320,0.134,80,0.133,989,0.133
239,80,0.49,129,0.487,989,0.473,912,0.47,303,0.468
240,80,0.109,320,0.108,303,0.107,129,0.107,912,0.107
241,80,0.634,129,0.632,989,0.621,912,0.618,196,0.61
242,80,0.053,22,0.053,912,0.053,303,0.051,718,0.051
243,80,0.124,196,0.124,912,0.124,230,0.123,129,0.123
244,80,0.239,129,0.238,912,0.236,196,0.235,989,0.235
245,80,0.245,718,0.245,989,0.244,129,0.243,196,0.242
246,80,0.265,129,0.261,912,0.255,989,0.254,196,0.253
247,80,0.643,129,0.639,320,0.617,989,0.616,912,0.616
248,129,0.127,80,0.125,348,0.123,858,0.123,8,0.123
249,80,0.117,989,0.116,912,0.116,129,0.115,348,0.113
250,989,0.075,129,0.074,196,0.074,80,0.074,718,0.073
251,80,0.419,989,0.413,129,0.413,718,0.411,196,0.406
252,314,0.036,989,0.036,80,0.036,469,0.036,36,0.035
253,129,0.284,80,0.282,320,0.279,679,0.279,989,0.278
254,80,0.535,129,0.53,989,0.521,912,0.517,303,0.514
255,80,0.084,129,0.084,989,0.083,196,0.082,314,0.081
256,80,0.283,129,0.275,989,0.274,718,0.274,912,0.273
257,80,0.633,129,0.63,912,0.621,348,0.62,196,0.617
258,80,0.454,129,0.451,989,0.447,320,0.442,912,0.44
259,80,0.442,912,0.439,129,0.437,196,0.435,320,0.433
260,80,0.058,989,0.057,679,0.057,577,0.057,303,0.057
261,129,0.135,196,0.133,80,0.132,912,0.131,679,0.13
262,80,0.385,129,0.384,320,0.377,196,0.377,912,0.377
263,80,0.482,129,0.476,989,0.474,912,0.465,320,0.46
264,80,0.773,129,0.767,989,0.751,912,0.75,718,0.748
265,80,0.293,129,0.289,912,0.284,679,0.284,989,0.283
266,129,0.237,80,0.236,989,0.23,912,0.23,320,0.229
267,80,0.278,989,0.273,320,0.272,129,0.272,912,0.268
268,80,0.2,989,0.197,129,0.196,912,0.196,320,0.193
269,80,0.054,718,0.053,471,0.053,890,0.052,196,0.052
270,80,0.605,129,0.601,912,0.589,989,0.587,196,0.583
271,129,0.336,80,0.335,196,0.33,989,0.328,320,0.327
272,80,0.121,129,0.118,912,0.118,471,0.118,303,0.117
273,80,0.178,129,0.176,989,0.175,8,0.174,718,0.174
274,129,0.108,80,0.107,718,0.107,320,0.107,8,0.107
275,80,0.57,129,0.56,989,0.555,912,0.553,320,0.549
276,80,0.075,469,0.075,989,0.074,129,0.074,912,0.073
277,80,0.306,912,0.301,129,0.301,989,0.298,320,0.296
278,348,0.291,129,0.291,80,0.29,196,0.287,989,0.286
279,80,0.116,129,0.115,912,0.115,320,0.115,989,0.114
280,80,0.846,129,0.843,912,0.827,989,0.827,196,0.819
281,80,0.314,129,0.311,989,0.307,912,0.306,58,0.305
282,320,0.16,80,0.16,303,0.156,912,0.156,196,0.155
283,80,0.496,129,0.495,912,0.484,989,0.483,196,0.479
284,80,0.34,129,0.337,912,0.329,348,0.329,718,0.328
285,80,0.111,129,0.11,912,0.11,196,0.109,348,0.108
286,80,0.534,129,0.533,989,0.517,320,0.516,912,0.515
287,80,0.286,129,0.283,320,0.278,58,0.272,348,0.272
288,80,0.234,129,0.233,912,0.229,320,0.229,989,0.227
289,80,0.132,129,0.132,718,0.13,912,0.13,196,0.13
290,80,0.227,129,0.225,912,0.225,320,0.221,989,0.22
291,129,0.373,80,0.37,912,0.364,989,0.361,469,0.359
292,80,0.666,129,0.664,989,0.661,320,0.648,912,0.648
293,80,0.17,129,0.17,989,0.168,912,0.168,196,0.168
294,129,0.224,80,0.222,912,0.221,348,0.22,989,0.22
295,80,0.429,129,0.426,989,0.418,320,0.418,303,0.417
296,912,0.146,129,0.145,80,0.145,320,0.143,196,0.142
297,129,0.666,80,0.663,912,0.65,989,0.643,196,0.642
298,80,0.555,129,0.555,196,0.538,989,0.536,718,0.535
299,80,0.51,129,0.508,196,0.501,320,0.5,989,0.498
300,80,0.357,129,0.356,196,0.355,912,0.353,58,0.35
301,80,0.466,129,0.461,989,0.461,912,0.456,718,0.451
302,80,0.245,129,0.242,320,0.24,912,0.239,8,0.235
303,80,0.905,129,0.898,989,0.88,912,0.87,320,0.868
304,129,0.371,80,0.368,320,0.367,196,0.365,912,0.365
305,80,0.287,129,0.284,989,0.28,912,0.278,196,0.277
306,80,0.491,129,0.484,320,0.475,912,0.475,989,0.474
307,80,0.239,912,0.237,129,0.234,303,0.231,989,0.231
308,80,0.52,129,0.511,912,0.503,989,0.501,320,0.498
309,80,0.429,129,0.424,989,0.42,320,0.418,912,0.417
310,80,0.58,129,0.578,196,0.564,989,0.563,320,0.559
311,80,0.242,129,0.237,989,0.234,303,0.233,469,0.233
312,129,0.191,912,0.19,80,0.19,989,0.189,196,0.188
313,129,0.189,80,0.189,989,0.186,912,0.186,196,0.184
314,80,0.858,129,0.856,989,0.838,912,0.829,196,0.826
315,989,0.238,129,0.237,196,0.236,80,0.236,469,0.236
316,80,0.269,129,0.268,989,0.262,320,0.262,718,0.26
317,80,0.147,129,0.146,912,0.144,58,0.144,196,0.143
318,129,0.617,80,0.615,912,0.61,196,0.607,718,0.605
319,80,0.261,129,0.26,912,0.255,320,0.252,58,0.25
320,129,0.924,80,0.923,989,0.897,912,0.892,196,0.888
321,80,0.272,129,0.269,912,0.268,989,0.268,320,0.265
322,80,0.089,129,0.087,303,0.086,989,0.086,320,0.085
323,129,0.59,80,0.589,989,0.574,196,0.571,320,0.569
324,129,0.095,80,0.094,718,0.094,912,0.094,196,0.092
325,129,0.427,80,0.426,303,0.415,718,0.412,989,0.412
326,912,0.221,129,0.22,80,0.219,8,0.217,684,0.215
327,80,0.106,469,0.106,989,0.105,471,0.104,196,0.104
328,129,0.674,80,0.67,989,0.657,912,0.654,320,0.65
329,348,0.073,320,0.073,718,0.073,80,0.073,912,0.073
330,80,0.511,129,0.511,989,0.501,912,0.5,320,0.498
331,80,0.817,129,0.811,989,0.798,912,0.79,196,0.787
332,80,0.218,129,0.214,348,0.212,303,0.211,912,0.21
333,989,0.055,129,0.055,196,0.054,858,0.054,303,0.054
334,80,0.297,129,0.295,989,0.294,320,0.291,303,0.291
335,80,0.247,129,0.246,718,0.246,912,0.243,320,0.242
336,129,0.128,80,0.128,912,0.127,989,0.127,348,0.125
337,718,0.092,129,0.091,989,0.09,80,0.09,320,0.088
338,80,0.822,129,0.815,989,0.807,912,0.795,196,0.793
339,80,0.322,129,0.321,912,0.316,196,0.313,718,0.313
340,80,0.358,129,0.357,58,0.35,196,0.35,320,0.347
341,129,0.231,80,0.23,890,0.229,989,0.225,58,0.225
342,80,0.855,129,0.851,912,0.834,196,0.831,989,0.828
343,80,0.25,129,0.246,718,0.243,989,0.243,912,0.243
344,129,0.103,989,0.102,80,0.102,912,0.1,58,0.1
345,80,0.535,129,0.527,989,0.521,912,0.518,196,0.513
346,129,0.372,80,0.369,912,0.36,718,0.358,320,0.357
347,80,0.15,129,0.149,718,0.148,989,0.148,912,0.146
348,80,0.904,129,0.902,989,0.88,912,0.872,196,0.87
349,80,0.125,890,0.123,129,0.122,58,0.122,912,0.121
350,129,0.083,80,0.083,912,0.082,342,0.082,718,0.081
351,80,0.217,129,0.217,989,0.215,320,0.212,718,0.211
352,679,0.285,80,0.285,129,0.282,912,0.28,989,0.278
353,989,0.056,912,0.055,469,0.054,314,0.054,129,0.054
354,80,0.372,129,0.372,303,0.363,320,0.362,989,0.36
355,80,0.181,58,0.18,469,0.18,989,0.18,718,0.179
356,129,0.22,80,0.22,320,0.217,718,0.217,989,0.217
357,129,0.138,196,0.137,80,0.137,912,0.135,58,0.134
358,989,0.099,129,0.099,80,0.099,348,0.098,320,0.098
359,342,0.048,912,0.048,129,0.048,348,0.047,58,0.047
360,80,0.122,129,0.12,912,0.12,196,0.119,469,0.118
361,80,0.251,912,0.249,718,0.248,8,0.247,684,0.246
362,196,0.056,80,0.056,912,0.055,58,0.054,129,0.054
363,80,0.584,129,0.582,718,0.575,989,0.574,912,0.567
364,80,0.258,129,0.255,912,0.251,303,0.251,989,0.251
365,80,0.455,129,0.445,912,0.441,989,0.441,718,0.44
366,80,0.373,129,0.37,989,0.368,912,0.365,303,0.364
367,80,0.455,129,0.455,912,0.447,196,0.444,989,0.443
368,80,0.115,912,0.114,320,0.111,718,0.111,58,0.111
369,80,0.256,912,0.254,303,0.252,129,0.251,989,0.25
370,80,0.135,129,0.132,320,0.132,469,0.131,989,0.13
371,80,0.149,348,0.147,129,0.146,912,0.145,718,0.144
372,129,0.354,80,0.352,912,0.348,348,0.343,320,0.342
373,129,0.21,80,0.209,718,0.207,320,0.205,912,0.205
374,80,0.6,129,0.597,912,0.586,989,0.584,196,0.578
375,80,0.417,129,0.415,989,0.405,912,0.404,320,0.403
376,129,0.438,80,0.437,989,0.436,912,0.427,471,0.426
377,129,0.555,80,0.555,989,0.546,912,0.54,196,0.539
378,320,0.15,129,0.15,989,0.15,303,0.149,718,0.149
379,80,0.262,129,0.26,320,0.255,196,0.254,989,0.251
380,80,0.258,129,0.255,912,0.253,58,0.25,718,0.25
381,80,0.2,129,0.197,912,0.196,989,0.195,303,0.195
382,80,0.215,129,0.213,989,0.213,58,0.211,912,0.211
383,80,0.543,129,0.538,989,0.536,196,0.528,469,0.522
384,80,0.197,129,0.196,989,0.194,348,0.193,912,0.193
385,80,0.159,129,0.158,58,0.156,196,0.155,718,0.155
386,80,0.166,129,0.163,303,0.163,58,0.162,320,0.161
387,129,0.448,80,0.447,989,0.44,718,0.434,912,0.434
388,80,0.095,129,0.095,320,0.093,471,0.092,912,0.092
389,912,0.074,80,0.073,129,0.073,58,0.072,890,0.072
390,80,0.149,129,0.149,912,0.147,348,0.147,469,0.146
391,80,0.056,912,0.056,196,0.055,684,0.055,989,0.055
392,129,0.119,718,0.117,80,0.117,320,0.116,912,0.116
393,80,0.207,989,0.203,129,0.202,912,0.201,469,0.2
394,80,0.075,320,0.075,8,0.075,58,0.074,912,0.074
395,80,0.212,129,0.212,348,0.207,679,0.206,196,0.204
396,80,0.297,129,0.297,989,0.288,912,0.287,679,0.287
397,196,0.094,912,0.093,80,0.093,718,0.093,989,0.092
398,80,0.345,129,0.341,989,0.338,912,0.335,303,0.331
399,80,0.724,129,0.714,989,0.698,320,0.696,912,0.696
400,80,0.368,129,0.366,912,0.359,303,0.356,858,0.353
401,129,0.263,80,0.261,196,0.26,912,0.259,989,0.258
402,718,0.192,80,0.192,989,0.191,129,0.191,679,0.189
403,80,0.045,129,0.044,912,0.044,989,0.044,320,0.044
404,80,0.109,129,0.108,912,0.107,196,0.107,320,0.106
405,679,0.03,469,0.03,22,0.03,631,0.03,80,0.03
406,129,0.38,80,0.377,989,0.369,912,0.366,196,0.366
407,129,0.144,80,0.142,469,0.141,320,0.141,196,0.141
408,80,0.486,129,0.484,912,0.478,320,0.475,989,0.473
409,80,0.667,129,0.664,989,0.65,718,0.648,196,0.646
410,129,0.13,80,0.129,989,0.128,320,0.127,469,0.126
411,80,0.234,129,0.234,989,0.229,320,0.228,718,0.228
412,80,0.345,129,0.344,912,0.341,348,0.337,196,0.335
413,348,0.136,80,0.136,989,0.136,196,0.134,718,0.134
414,80,0.265,989,0.264,469,0.264,129,0.264,912,0.262
415,80,0.181,129,0.18,912,0.177,989,0.176,348,0.176
416,80,0.405,196,0.404,129,0.403,912,0.399,989,0.395
417,129,0.367,80,0.366,320,0.36,989,0.36,303,0.358
418,129,0.189,80,0.189,912,0.186,989,0.186,303,0.185
419,80,0.73,129,0.721,989,0.71,912,0.707,718,0.705
420,196,0.068,80,0.068,129,0.067,303,0.067,989,0.067
421,129,0.272,80,0.271,679,0.267,912,0.266,58,0.265
422,80,0.822,129,0.819,989,0.816,912,0.796,320,0.79
423,80,0.115,989,0.114,912,0.112,129,0.112,679,0.112
424,80,0.499,129,0.497,912,0.49,320,0.485,989,0.484
425,129,0.201,80,0.2,718,0.198,989,0.198,348,0.195
426,80,0.594,129,0.588,989,0.578,912,0.572,196,0.57
427,80,0.164,129,0.161,912,0.16,320,0.159,989,0.159
428,80,0.3,912,0.299,129,0.298,989,0.297,320,0.293
429,80,0.133,129,0.133,196,0.131,320,0.131,718,0.13
430,80,0.119,912,0.119,129,0.119,989,0.117,230,0.117
431,80,0.299,129,0.299,320,0.293,196,0.293,303,0.293
432,80,0.095,303,0.094,129,0.094,989,0.094,718,0.094
433,80,0.112,129,0.109,320,0.109,912,0.109,469,0.108
434,80,0.607,129,0.606,989,0.594,196,0.588,320,0.586
435,80,0.222,129,0.221,320,0.218,989,0.215,348,0.214
436,80,0.286,989,0.283,129,0.281,196,0.28,912,0.279
437,80,0.292,912,0.289,129,0.289,196,0.286,679,0.285
438,80,0.501,989,0.494,129,0.494,912,0.485,679,0.482
439,129,0.116,912,0.114,80,0.113,320,0.113,196,0.112
440,80,0.325,129,0.324,58,0.318,912,0.316,989,0.316
441,80,0.121,912,0.12,989,0.12,58,0.119,196,0.119
442,129,0.102,58,0.101,679,0.101,80,0.101,303,0.099
443,80,0.223,129,0.22,718,0.218,912,0.218,58,0.217
444,129,0.463,80,0.459,912,0.452,989,0.452,320,0.449
445,129,0.32,80,0.319,989,0.318,303,0.314,718,0.312
446,80,0.145,196,0.143,129,0.143,320,0.143,718,0.142
447,80,0.484,129,0.482,912,0.476,320,0.475,196,0.47
448,129,0.143,912,0.14,80,0.14,8,0.139,196,0.138
449,80,0.733,129,0.731,912,0.716,989,0.716,320,0.715
450,80,0.324,129,0.322,989,0.321,348,0.318,912,0.317
451,80,0.087,58,0.087,679,0.086,912,0.086,129,0.085
452,129,0.186,718,0.184,80,0.183,348,0.182,912,0.181
453,80,0.196,129,0.194,989,0.192,484,0.191,718,0.19
454,80,0.541,129,0.539,989,0.53,912,0.526,196,0.524
455,129,0.372,80,0.37,912,0.368,58,0.364,320,0.363
456,80,0.417,129,0.414,320,0.41,196,0.409,989,0.407
457,80,0.241,129,0.238,58,0.236,320,0.233,989,0.233
458,196,0.06,80,0.06,989,0.059,469,0.059,129,0.059
459,912,0.363,80,0.361,129,0.358,989,0.357,58,0.353
460,80,0.543,129,0.535,320,0.526,989,0.525,912,0.522
461,80,0.669,129,0.66,989,0.652,912,0.651,196,0.649
462,129,0.187,80,0.184,320,0.184,912,0.183,989,0.182
463,129,0.083,80,0.083,912,0.083,58,0.081,890,0.081
464,80,0.365,129,0.361,718,0.358,196,0.356,58,0.355
465,80,0.268,912,0.266,129,0.264,196,0.264,320,0.262
466,484,0.028,80,0.028,469,0.028,577,0.028,589,0.028
467,989,0.072,196,0.072,80,0.072,912,0.071,129,0.071
468,80,0.34,303,0.338,129,0.337,912,0.331,989,0.33
469,80,0.894,129,0.891,989,0.875,912,0.866,320,0.865
470,80,0.338,129,0.335,718,0.335,989,0.332,679,0.328
471,80,0.89,129,0.883,989,0.867,912,0.857,320,0.855
472,129,0.271,80,0.27,718,0.269,989,0.269,912,0.267
473,129,0.146,80,0.145,303,0.144,989,0.142,912,0.142
474,80,0.314,912,0.311,129,0.31,58,0.307,196,0.307
475,129,0.151,80,0.149,858,0.147,348,0.146,320,0.146
476,80,0.097,129,0.096,320,0.095,912,0.095,484,0.094
477,80,0.261,129,0.258,989,0.257,471,0.254,303,0.253
478,129,0.233,80,0.232,58,0.226,718,0.226,303,0.226
479,80,0.094,303,0.092,912,0.092,718,0.092,8,0.092
480,129,0.199,80,0.198,912,0.198,989,0.197,348,0.197
481,129,0.331,80,0.329,989,0.325,348,0.324,912,0.323
482,80,0.122,129,0.121,718,0.12,989,0.12,303,0.118
483,80,0.2,129,0.197,912,0.195,718,0.194,989,0.192
484,80,0.845,129,0.841,989,0.821,196,0.815,912,0.813
485,80,0.265,129,0.264,303,0.259,912,0.257,989,0.257
486,129,0.144,303,0.143,80,0.143,320,0.143,196,0.142
487,80,0.389,129,0.388,912,0.386,196,0.381,8,0.378
488,912,0.175,129,0.174,989,0.173,80,0.173,8,0.173
489,80,0.147,129,0.144,989,0.144,303,0.142,577,0.14
490,80,0.176,129,0.176,989,0.175,196,0.174,320,0.174
491,80,0.513,129,0.51,989,0.501,348,0.495,718,0.493
492,80,0.501,129,0.496,912,0.486,989,0.484,196,0.48
493,80,0.186,129,0.186,718,0.181,912,0.181,196,0.181
494,80,0.437,129,0.436,303,0.429,196,0.428,989,0.428
495,196,0.09,912,0.089,129,0.089,989,0.088,8,0.088
496,80,0.299,129,0.298,989,0.297,471,0.293,320,0.293
497,80,0.492,320,0.49,129,0.49,989,0.477,718,0.475
498,129,0.237,80,0.236,912,0.234,989,0.234,320,0.23
499,80,0.21,129,0.208,858,0.207,303,0.207,912,0.206
500,80,0.58,129,0.577,989,0.565,196,0.559,718,0.559
501,80,0.265,129,0.26,912,0.259,303,0.257,989,0.257
502,80,0.715,129,0.707,989,0.691,912,0.686,320,0.683
503,80,0.354,129,0.349,196,0.348,989,0.348,320,0.344
504,320,0.184,80,0.183,129,0.182,989,0.181,912,0.179
505,80,0.72,129,0.716,989,0.703,912,0.699,320,0.692
506,80,0.146,320,0.144,129,0.144,989,0.143,303,0.142
507,58,0.114,80,0.114,348,0.112,989,0.112,320,0.112
508,80,0.085,320,0.085,718,0.084,679,0.083,469,0.083
509,129,0.249,80,0.248,320,0.245,989,0.243,912,0.24
510,757,0.014,342,0.014,196,0.014,484,0.014,58,0.014
511,129,0.346,80,0.344,989,0.34,320,0.34,912,0.339
512,80,0.284,129,0.278,718,0.276,58,0.275,912,0.275
513,80,0.278,129,0.277,912,0.275,196,0.268,320,0.268
514,80,0.149,129,0.149,718,0.148,989,0.147,469,0.147
515,80,0.442,129,0.437,912,0.434,196,0.433,320,0.428
516,80,0.184,129,0.183,912,0.182,320,0.178,469,0.178
517,80,0.403,989,0.402,129,0.4,912,0.395,469,0.393
518,912,0.155,469,0.154,80,0.154,196,0.152,129,0.152
519,80,0.265,348,0.263,129,0.261,989,0.26,320,0.258
520,129,0.189,80,0.187,989,0.186,196,0.185,718,0.185
521,80,0.188,129,0.184,912,0.184,196,0.184,718,0.182
522,80,0.225,196,0.22,718,0.22,303,0.219,912,0.218
523,80,0.585,129,0.584,912,0.571,989,0.567,320,0.563
524,80,0.128,129,0.128,320,0.127,58,0.126,912,0.125
525,912,0.389,80,0.389,129,0.388,196,0.382,718,0.381
526,80,0.473,129,0.471,718,0.463,989,0.463,912,0.462
527,80,0.193,129,0.193,196,0.19,469,0.19,912,0.19
528,80,0.726,129,0.725,989,0.706,912,0.705,320,0.702
529,80,0.2,718,0.197,989,0.196,129,0.196,58,0.192
530,80,0.837,129,0.837,989,0.815,912,0.814,320,0.809
531,129,0.174,80,0.173,718,0.172,912,0.17,348,0.17
532,80,0.399,129,0.392,912,0.387,320,0.387,196,0.386
533,80,0.093,129,0.093,912,0.091,989,0.091,303,0.091
534,80,0.382,129,0.378,989,0.377,912,0.374,196,0.37
535,80,0.204,129,0.203,718,0.202,912,0.201,989,0.201
536,129,0.133,718,0.132,196,0.132,912,0.132,80,0.13
537,129,0.168,80,0.167,303,0.164,196,0.163,890,0.162
538,80,0.709,129,0.7,989,0.688,912,0.685,320,0.682
539,80,0.191,129,0.188,989,0.186,303,0.185,912,0.185
540,80,0.424,129,0.42,912,0.416,989,0.414,679,0.411
541,80,0.065,129,0.065,303,0.065,912,0.065,348,0.064
542,80,0.162,129,0.16,471,0.158,718,0.156,196,0.154
543,80,0.245,129,0.241,348,0.241,320,0.239,196,0.237
544,129,0.177,80,0.176,912,0.173,303,0.17,196,0.17
545,80,0.082,129,0.082,58,0.081,989,0.081,8,0.08
546,129,0.451,80,0.45,989,0.441,912,0.438,320,0.438
547,80,0.323,129,0.316,989,0.314,912,0.31,303,0.307
548,80,0.413,129,0.409,912,0.403,989,0.403,718,0.4
549,80,0.398,129,0.398,989,0.391,718,0.39,320,0.39
550,80,0.377,129,0.375,196,0.371,989,0.367,320,0.365
551,80,0.459,129,0.458,912,0.45,989,0.449,196,0.446
552,80,0.392,129,0.391,912,0.39,320,0.386,989,0.384
553,80,0.426,129,0.421,989,0.415,196,0.413,912,0.412
554,912,0.156,129,0.155,196,0.154,80,0.153,320,0.152
555,80,0.112,912,0.11,348,0.11,129,0.109,8,0.108
556,80,0.55,129,0.546,989,0.539,912,0.534,320,0.53
557,80,0.7,129,0.695,912,0.68,989,0.68,196,0.674
558,129,0.429,80,0.429,320,0.42,989,0.418,912,0.418
559,80,0.72,129,0.719,912,0.71,989,0.702,196,0.702
560,80,0.629,129,0.626,912,0.614,989,0.613,196,0.613
561,80,0.182,129,0.18,196,0.179,320,0.174,230,0.173
562,80,0.459,129,0.454,912,0.446,196,0.446,989,0.44
563,80,0.5,129,0.493,912,0.483,196,0.483,989,0.482
564,80,0.344,129,0.339,989,0.337,912,0.336,196,0.331
565,80,0.157,129,0.157,912,0.151,718,0.151,989,0.151
566,80,0.284,129,0.283,989,0.28,58,0.277,890,0.276
567,80,0.05,58,0.05,577,0.05,718,0.05,890,0.049
568,129,0.286,80,0.286,912,0.283,196,0.28,989,0.277
569,80,0.706,129,0.702,989,0.683,912,0.681,320,0.679
570,80,0.259,129,0.258,912,0.255,196,0.252,989,0.251
571,129,0.151,912,0.148,320,0.148,80,0.148,469,0.147
572,80,0.149,129,0.145,912,0.145,718,0.145,196,0.144
573,129,0.059,80,0.058,58,0.058,718,0.058,989,0.058
574,80,0.069,989,0.069,320,0.068,129,0.068,303,0.068
575,80,0.71,129,0.706,989,0.694,912,0.689,196,0.686
576,129,0.474,80,0.473,912,0.468,989,0.462,718,0.46
577,80,0.878,129,0.872,989,0.852,320,0.844,718,0.841
578,80,0.206,129,0.205,320,0.202,989,0.2,196,0.199
579,80,0.51,129,0.504,989,0.499,912,0.499,196,0.493
580,80,0.071,989,0.07,129,0.07,303,0.07,912,0.069
581,80,0.741,129,0.735,989,0.725,912,0.715,320,0.713
582,129,0.132,80,0.131,303,0.13,989,0.129,196,0.128
583,80,0.266,129,0.262,912,0.262,718,0.258,303,0.257
584,989,0.172,80,0.172,129,0.17,912,0.17,320,0.168
585,80,0.113,129,0.113,303,0.112,912,0.112,196,0.112
586,80,0.48,129,0.48,989,0.471,679,0.468,912,0.468
587,80,0.462,129,0.458,989,0.45,348,0.446,320,0.444
588,80,0.245,348,0.24,129,0.238,718,0.238,989,0.236
589,129,0.72,80,0.72,989,0.705,912,0.702,196,0.697
590,129,0.211,80,0.208,348,0.205,912,0.205,196,0.204
591,80,0.214,129,0.213,912,0.207,303,0.206,989,0.205
592,80,0.264,129,0.259,989,0.259,912,0.256,320,0.256
593,80,0.607,129,0.606,912,0.589,989,0.589,320,0.583
594,129,0.169,718,0.167,80,0.166,912,0.166,320,0.165
595,129,0.412,80,0.412,912,0.406,196,0.404,303,0.403
596,129,0.168,80,0.167,912,0.165,320,0.164,989,0.163
597,80,0.182,129,0.18,469,0.179,912,0.178,718,0.178
598,80,0.239,912,0.236,129,0.235,679,0.234,320,0.231
599,80,0.235,129,0.234,320,0.232,989,0.232,912,0.231
600,80,0.593,129,0.587,989,0.583,912,0.575,303,0.57
601,989,0.081,129,0.081,912,0.08,80,0.08,348,0.08
602,80,0.403,129,0.398,912,0.39,989,0.389,58,0.384
603,129,0.326,80,0.325,912,0.322,989,0.32,196,0.317
604,129,0.476,80,0.476,912,0.469,989,0.467,196,0.466
605,80,0.28,129,0.279,320,0.273,912,0.273,196,0.272
606,80,0.418,989,0.415,129,0.414,469,0.409,471,0.409
607,80,0.3,129,0.297,679,0.292,912,0.291,989,0.291
608,80,0.535,129,0.529,912,0.524,989,0.521,196,0.519
609,80,0.353,129,0.352,196,0.343,989,0.343,912,0.343
610,80,0.54,912,0.528,129,0.527,989,0.522,718,0.521
611,129,0.448,80,0.448,320,0.44,912,0.437,989,0.435
612,80,0.807,129,0.8,989,0.789,912,0.785,196,0.779
613,129,0.136,80,0.136,303,0.135,196,0.135,989,0.134
614,80,0.156,129,0.154,912,0.153,303,0.153,989,0.152
615,129,0.376,80,0.374,989,0.369,912,0.364,58,0.362
616,80,0.339,129,0.337,989,0.33,912,0.329,320,0.328
617,80,0.657,129,0.656,989,0.643,196,0.638,912,0.636
618,129,0.095,80,0.094,718,0.093,684,0.093,890,0.092
619,80,0.214,989,0.21,129,0.21,22,0.208,718,0.207
620,989,0.079,129,0.078,80,0.078,718,0.077,196,0.077
621,80,0.139,129,0.139,718,0.137,348,0.136,912,0.135
622,80,0.39,129,0.385,912,0.38,718,0.378,196,0.375
623,80,0.303,129,0.302,912,0.3,469,0.297,196,0.296
624,80,0.224,129,0.223,912,0.222,989,0.222,320,0.22
625,989,0.099,320,0.098,80,0.098,679,0.097,912,0.097
626,129,0.146,80,0.144,718,0.143,471,0.142,196,0.142
627,80,0.41,129,0.407,912,0.399,989,0.398,320,0.397
628,80,0.152,129,0.151,989,0.149,348,0.148,320,0.147
629,80,0.148,196,0.147,348,0.146,129,0.145,989,0.143
630,80,0.516,129,0.515,912,0.505,196,0.503,989,0.503
631,80,0.865,129,0.859,989,0.842,912,0.834,196,0.831
632,80,0.711,129,0.71,989,0.692,912,0.692,196,0.689
633,80,0.399,129,0.397,320,0.387,58,0.386,989,0.386
634,129,0.162,80,0.161,989,0.16,679,0.158,320,0.156
635,80,0.728,129,0.717,912,0.707,989,0.707,303,0.703
636,80,0.278,129,0.275,989,0.271,196,0.268,912,0.267
637,80,0.109,320,0.108,912,0.108,129,0.107,989,0.107
638,80,0.56,129,0.557,989,0.545,679,0.538,196,0.538
639,80,0.695,129,0.687,989,0.679,912,0.675,196,0.671
640,129,0.151,80,0.151,989,0.15,912,0.149,320,0.149
641,80,0.227,989,0.226,471,0.225,469,0.225,320,0.224
642,80,0.122,129,0.122,348,0.12,912,0.117,679,0.117
643,129,0.225,80,0.225,989,0.22,196,0.218,631,0.216
644,80,0.398,196,0.393,912,0.393,129,0.391,684,0.389
645,80,0.13,129,0.129,303,0.127,912,0.127,196,0.125
646,80,0.206,129,0.205,989,0.203,718,0.202,320,0.201
647,80,0.309,129,0.306,989,0.303,912,0.302,718,0.299
648,80,0.464,129,0.463,989,0.454,196,0.453,912,0.45
649,129,0.287,80,0.285,196,0.284,912,0.282,989,0.282
650,80,0.24,129,0.235,912,0.234,320,0.233,718,0.231
651,80,0.336,989,0.336,129,0.333,912,0.33,469,0.325
652,80,0.189,129,0.186,58,0.185,320,0.184,718,0.184
653,80,0.146,471,0.144,129,0.143,989,0.143,718,0.141
654,80,0.129,129,0.127,989,0.126,469,0.124,679,0.124
655,80,0.23,129,0.224,8,0.221,989,0.221,912,0.22
656,80,0.261,129,0.259,989,0.259,196,0.258,912,0.255
657,129,0.143,80,0.143,320,0.141,303,0.141,58,0.141
658,80,0.36,129,0.355,912,0.354,989,0.352,348,0.347
659,80,0.701,129,0.696,912,0.678,320,0.674,989,0.673
660,80,0.535,129,0.534,196,0.517,912,0.517,718,0.516
661,80,0.208,718,0.206,129,0.206,912,0.202,320,0.202
662,989,0.542,129,0.54,80,0.539,469,0.531,912,0.528
663,58,0.073,80,0.073,196,0.072,912,0.071,989,0.071
664,80,0.266,989,0.264,471,0.263,129,0.261,196,0.261
665,679,0.08,129,0.08,718,0.08,912,0.08,80,0.08
666,80,0.2,912,0.194,196,0.194,989,0.194,718,0.194
667,80,0.366,129,0.365,912,0.356,196,0.355,348,0.354
668,80,0.335,129,0.333,989,0.325,912,0.323,718,0.32
669,80,0.589,129,0.588,989,0.576,196,0.573,912,0.572
670,129,0.122,80,0.122,196,0.12,912,0.119,58,0.118
671,80,0.13,129,0.128,858,0.128,912,0.125,469,0.125
672,80,0.65,129,0.647,718,0.639,989,0.635,196,0.628
673,129,0.209,196,0.207,80,0.207,320,0.206,58,0.205
674,989,0.093,912,0.093,679,0.092,469,0.092,129,0.092
675,912,0.061,80,0.061,129,0.061,196,0.06,342,0.06
676,129,0.513,80,0.509,320,0.495,912,0.494,718,0.494
677,80,0.37,129,0.367,989,0.362,196,0.357,912,0.356
678,469,0.059,129,0.059,912,0.059,58,0.059,196,0.058
679,80,0.902,129,0.9,912,0.877,989,0.876,320,0.871
680,989,0.472,80,0.47,129,0.465,196,0.459,320,0.458
681,80,0.342,129,0.34,196,0.336,912,0.334,989,0.333
682,80,0.207,129,0.206,320,0.205,679,0.204,989,0.203
683,80,0.536,129,0.533,320,0.522,989,0.521,196,0.52
684,80,0.864,129,0.86,912,0.842,320,0.837,196,0.837
685,718,0.084,129,0.084,80,0.082,989,0.082,912,0.082
686,80,0.07,303,0.069,989,0.068,58,0.068,320,0.068
687,80,0.087,129,0.086,196,0.086,890,0.084,858,0.084
688,196,0.084,989,0.083,320,0.083,129,0.083,80,0.082
689,80,0.15,129,0.15,320,0.149,196,0.147,912,0.147
690,80,0.356,196,0.354,129,0.353,989,0.347,912,0.346
691,989,0.153,80,0.152,129,0.152,8,0.149,912,0.148
692,80,0.093,469,0.09,129,0.09,303,0.09,858,0.089
693,80,0.568,129,0.563,989,0.554,912,0.549,320,0.546
694,80,0.134,129,0.132,912,0.132,989,0.131,718,0.13
695,80,0.036,858,0.036,129,0.036,342,0.036,989,0.036
696,80,0.194,129,0.191,303,0.189,989,0.188,348,0.187
697,80,0.163,129,0.159,196,0.158,912,0.157,989,0.157
698,989,0.132,912,0.132,80,0.132,129,0.13,58,0.129
699,80,0.408,912,0.402,129,0.401,58,0.397,320,0.397
700,80,0.127,989,0.125,912,0.125,348,0.122,129,0.122
701,129,0.312,80,0.31,989,0.304,196,0.303,348,0.302
702,80,0.553,129,0.55,989,0.547,320,0.539,912,0.537
703,80,0.183,129,0.181,471,0.179,196,0.179,858,0.176
704,80,0.633,129,0.626,196,0.62,912,0.617,989,0.614
705,80,0.444,129,0.441,679,0.437,989,0.435,912,0.433
706,989,0.098,80,0.098,129,0.095,348,0.095,577,0.095
707,80,0.221,912,0.22,129,0.22,303,0.218,320,0.216
708,129,0.505,80,0.504,989,0.498,320,0.496,912,0.492
709,129,0.221,80,0.219,989,0.219,196,0.217,8,0.216
710,80,0.52,129,0.52,912,0.51,989,0.507,196,0.504
711,80,0.422,129,0.419,912,0.412,989,0.411,196,0.408
712,80,0.363,129,0.362,912,0.359,320,0.357,348,0.357
713,129,0.333,80,0.333,912,0.327,989,0.325,320,0.324
714,80,0.433,129,0.432,912,0.425,196,0.421,989,0.421
715,80,0.305,129,0.301,303,0.301,989,0.299,912,0.296
716,80,0.537,129,0.536,912,0.531,196,0.525,989,0.524
717,129,0.268,80,0.267,989,0.265,718,0.265,303,0.258
718,80,0.915,129,0.912,989,0.887,912,0.886,320,0.885
719,80,0.302,129,0.296,912,0.294,989,0.294,196,0.291
720,80,0.062,196,0.061,806,0.061,320,0.061,129,0.061
721,80,0.519,989,0.513,129,0.51,469,0.507,912,0.506
722,129,0.084,912,0.082,471,0.082,80,0.082,718,0.081
723,129,0.37,80,0.37,196,0.363,989,0.362,718,0.36
724,912,0.211,80,0.211,320,0.208,129,0.208,196,0.206
725,196,0.058,129,0.058,80,0.057,342,0.056,348,0.056
726,129,0.445,80,0.443,989,0.436,196,0.431,912,0.431
727,80,0.379,129,0.373,989,0.369,912,0.367,196,0.366
728,912,0.108,80,0.107,129,0.107,679,0.106,469,0.106
729,80,0.182,129,0.18,989,0.177,912,0.176,58,0.175
730,80,0.078,196,0.076,890,0.076,912,0.076,8,0.076
731,303,0.14,80,0.139,912,0.139,129,0.138,196,0.138
732,577,0.048,58,0.048,129,0.048,80,0.048,471,0.048
733,80,0.168,989,0.166,303,0.164,129,0.164,196,0.162
734,80,0.193,348,0.191,129,0.191,912,0.189,469,0.188
735,80,0.284,129,0.283,989,0.277,718,0.277,912,0.276
736,80,0.186,320,0.184,912,0.184,303,0.183,989,0.182
737,80,0.256,129,0.254,320,0.248,58,0.247,196,0.247
738,80,0.187,129,0.185,320,0.184,912,0.183,679,0.181
739,129,0.527,80,0.526,989,0.521,912,0.518,320,0.507
740,129,0.111,80,0.111,989,0.111,320,0.108,58,0.108
741,129,0.644,80,0.642,912,0.631,989,0.629,320,0.62
742,129,0.425,80,0.424,912,0.417,320,0.416,989,0.412
743,80,0.466,129,0.463,989,0.456,912,0.455,320,0.453
744,80,0.766,129,0.763,912,0.744,320,0.74,989,0.74
745,80,0.535,129,0.531,989,0.522,912,0.519,320,0.508
746,80,0.185,129,0.185,718,0.181,348,0.18,320,0.18
747,80,0.706,129,0.705,989,0.689,320,0.683,912,0.68
748,80,0.595,129,0.591,989,0.583,912,0.581,196,0.573
749,80,0.411,129,0.408,718,0.407,989,0.4,912,0.398
750,80,0.187,129,0.186,303,0.183,469,0.182,912,0.182
751,80,0.481,129,0.479,303,0.472,912,0.471,989,0.469
752,80,0.112,989,0.11,129,0.11,303,0.109,469,0.109
753,80,0.233,129,0.228,912,0.227,989,0.227,348,0.224
754,80,0.646,129,0.639,989,0.628,348,0.625,196,0.623
755,129,0.161,80,0.16,469,0.159,912,0.158,58,0.158
756,80,0.074,806,0.073,303,0.073,912,0.072,196,0.072
757,80,0.867,129,0.867,989,0.845,912,0.841,320,0.838
758,58,0.041,912,0.041,129,0.041,80,0.041,196,0.04
759,80,0.365,129,0.362,912,0.356,989,0.353,320,0.351
760,80,0.318,129,0.316,989,0.313,320,0.31,348,0.308
761,80,0.218,129,0.218,912,0.215,718,0.212,8,0.211
762,80,0.426,129,0.424,320,0.414,989,0.413,348,0.411
763,129,0.29,80,0.289,912,0.284,989,0.283,303,0.282
764,80,0.282,129,0.277,912,0.276,718,0.273,679,0.273
765,989,0.094,320,0.094,80,0.094,129,0.092,471,0.092
766,989,0.058,912,0.057,177,0.057,484,0.057,303,0.056
767,80,0.57,129,0.564,912,0.56,989,0.555,718,0.553
768,129,0.546,80,0.546,989,0.537,912,0.53,469,0.528
769,80,0.609,129,0.607,989,0.594,196,0.592,912,0.59
770,80,0.531,129,0.527,912,0.523,58,0.521,989,0.52
771,129,0.328,80,0.325,989,0.322,912,0.321,320,0.321
772,80,0.377,129,0.376,989,0.366,196,0.365,912,0.363
773,129,0.382,80,0.38,912,0.37,196,0.369,320,0.367
774,80,0.319,129,0.314,989,0.309,58,0.307,912,0.307
775,129,0.377,80,0.377,196,0.368,348,0.367,912,0.366
776,912,0.172,80,0.171,129,0.169,196,0.168,320,0.168
777,80,0.258,129,0.256,912,0.251,320,0.249,196,0.248
778,80,0.516,129,0.514,989,0.506,320,0.502,912,0.5
779,80,0.27,129,0.269,912,0.266,320,0.265,989,0.265
780,80,0.467,912,0.461,129,0.461,989,0.456,196,0.455
781,80,0.085,196,0.084,890,0.084,320,0.083,912,0.083
782,80,0.372,129,0.366,989,0.364,912,0.36,196,0.357
783,129,0.207,80,0.206,912,0.202,679,0.201,303,0.201
784,989,0.278,80,0.278,129,0.276,912,0.274,469,0.271
785,80,0.692,129,0.69,912,0.673,989,0.67,718,0.667
786,80,0.091,989,0.091,129,0.091,348,0.09,303,0.09
787,80,0.212,912,0.21,348,0.209,129,0.208,320,0.207
788,80,0.06,129,0.06,679,0.059,912,0.059,196,0.059
789,80,0.265,129,0.263,718,0.259,989,0.259,320,0.258
790,129,0.388,80,0.387,912,0.377,8,0.377,320,0.376
791,80,0.544,129,0.539,989,0.533,912,0.53,348,0.522
792,80,0.18,129,0.18,912,0.177,348,0.177,58,0.176
793,80,0.766,129,0.759,989,0.743,912,0.735,196,0.735
794,80,0.095,129,0.093,196,0.092,912,0.092,718,0.091
795,348,0.095,989,0.094,80,0.094,129,0.094,58,0.093
796,129,0.297,80,0.296,989,0.289,912,0.288,320,0.287
797,80,0.282,912,0.282,469,0.279,129,0.279,196,0.277
798,80,0.193,129,0.191,912,0.185,989,0.185,718,0.185
799,129,0.447,80,0.444,989,0.434,196,0.43,912,0.429
800,303,0.034,989,0.034,196,0.034,471,0.034,679,0.034
801,80,0.106,989,0.105,471,0.104,129,0.104,196,0.103
802,80,0.172,303,0.17,912,0.169,989,0.168,196,0.167
803,80,0.342,129,0.34,718,0.331,912,0.331,989,0.331
804,129,0.255,80,0.255,989,0.254,320,0.248,718,0.246
805,80,0.287,129,0.286,912,0.281,989,0.279,718,0.277
806,80,0.866,129,0.862,989,0.848,912,0.839,320,0.838
807,80,0.048,912,0.048,348,0.048,129,0.048,8,0.047
808,80,0.34,129,0.337,989,0.336,303,0.333,912,0.331
809,129,0.095,58,0.094,80,0.094,989,0.093,303,0.093
810,129,0.151,80,0.151,989,0.15,890,0.149,303,0.149
811,80,0.737,129,0.728,912,0.721,989,0.715,196,0.706
812,80,0.573,129,0.57,912,0.559,989,0.558,320,0.553
813,80,0.407,129,0.404,718,0.403,196,0.397,989,0.397
814,80,0.107,129,0.106,320,0.106,303,0.106,58,0.105
815,129,0.267,80,0.267,989,0.264,912,0.262,718,0.262
816,80,0.212,129,0.207,196,0.205,912,0.204,989,0.203
817,320,0.069,471,0.069,679,0.068,912,0.068,80,0.068
818,80,0.32,129,0.314,320,0.312,912,0.309,989,0.309
819,80,0.591,129,0.588,912,0.577,989,0.575,196,0.574
820,80,0.122,129,0.119,303,0.118,912,0.118,58,0.116
821,129,0.118,80,0.117,718,0.115,912,0.115,320,0.114
822,80,0.248,129,0.245,912,0.244,989,0.244,718,0.241
823,129,0.261,80,0.259,912,0.256,320,0.256,348,0.253
824,80,0.845,129,0.839,989,0.816,912,0.814,196,0.811
825,129,0.207,80,0.205,718,0.2,58,0.199,679,0.199
826,129,0.602,80,0.595,989,0.583,912,0.582,320,0.581
827,80,0.102,196,0.1,912,0.1,129,0.099,303,0.099
828,129,0.216,80,0.213,303,0.212,912,0.209,679,0.208
829,129,0.17,80,0.169,8,0.168,484,0.166,718,0.165
830,129,0.284,80,0.284,912,0.283,989,0.279,320,0.277
831,80,0.194,129,0.193,58,0.187,320,0.187,718,0.187
832,129,0.642,80,0.64,989,0.632,912,0.626,320,0.624
833,129,0.206,80,0.205,196,0.204,989,0.203,912,0.203
834,80,0.078,989,0.077,129,0.077,196,0.076,348,0.076
835,80,0.109,196,0.109,469,0.109,129,0.109,912,0.108
836,912,0.147,80,0.146,989,0.143,718,0.143,129,0.141
837,80,0.181,129,0.181,196,0.18,58,0.177,912,0.177
838,80,0.125,129,0.124,320,0.122,912,0.122,530,0.121
839,129,0.335,80,0.332,989,0.33,718,0.325,320,0.324
840,80,0.126,129,0.125,912,0.124,718,0.123,469,0.123
841,129,0.223,80,0.221,912,0.218,989,0.218,320,0.216
842,80,0.416,129,0.416,912,0.41,320,0.409,989,0.405
843,129,0.117,80,0.116,718,0.114,348,0.114,989,0.114
844,80,0.259,129,0.258,912,0.253,989,0.252,718,0.251
845,80,0.402,129,0.399,912,0.392,989,0.392,196,0.39
846,80,0.193,989,0.19,320,0.189,912,0.188,129,0.188
847,80,0.185,129,0.184,912,0.18,348,0.179,196,0.179
848,80,0.208,912,0.206,471,0.204,129,0.203,58,0.202
849,80,0.175,129,0.174,196,0.171,912,0.17,718,0.169
850,80,0.17,129,0.169,912,0.167,320,0.165,58,0.165
851,80,0.104,912,0.103,471,0.102,129,0.102,679,0.101
852,129,0.377,80,0.377,912,0.372,989,0.37,303,0.369
853,129,0.667,80,0.665,989,0.654,912,0.645,320,0.644
854,80,0.366,989,0.362,129,0.361,912,0.359,469,0.355
855,129,0.067,80,0.067,912,0.066,320,0.065,806,0.065
856,80,0.393,129,0.39,989,0.384,912,0.384,303,0.383
857,80,0.207,129,0.205,718,0.203,196,0.2,912,0.199
858,80,0.874,129,0.868,912,0.848,989,0.846,320,0.842
859,80,0.167,129,0.164,58,0.163,196,0.163,471,0.161
860,80,0.383,129,0.38,989,0.374,912,0.372,718,0.371
861,129,0.396,80,0.395,989,0.388,320,0.385,348,0.383
862,129,0.364,80,0.361,989,0.356,912,0.355,196,0.35
863,80,0.332,129,0.33,718,0.326,989,0.326,320,0.325
864,80,0.819,129,0.817,989,0.798,912,0.797,320,0.793
865,80,0.304,129,0.299,912,0.294,989,0.294,303,0.293
866,80,0.249,129,0.247,989,0.245,912,0.244,320,0.244
867,80,0.82,129,0.815,989,0.799,912,0.795,196,0.788
868,129,0.343,80,0.341,989,0.34,320,0.332,303,0.33
869,80,0.338,129,0.335,912,0.329,303,0.328,858,0.325
870,129,0.074,58,0.073,80,0.072,718,0.072,679,0.072
871,80,0.392,129,0.388,989,0.385,912,0.381,348,0.38
872,80,0.086,129,0.085,989,0.085,912,0.084,348,0.084
873,129,0.12,80,0.119,912,0.118,348,0.117,989,0.116
874,80,0.17,129,0.167,469,0.166,912,0.166,989,0.165
875,80,0.667,129,0.663,912,0.65,196,0.648,989,0.648
876,80,0.411,129,0.408,912,0.403,718,0.4,989,0.399
877,80,0.081,912,0.08,129,0.08,348,0.08,469,0.079
878,80,0.309,129,0.308,196,0.304,912,0.303,890,0.301
879,80,0.102,58,0.102,989,0.102,469,0.1,314,0.1
880,80,0.783,129,0.777,912,0.761,989,0.761,320,0.754
881,80,0.327,129,0.323,989,0.318,320,0.316,469,0.314
882,80,0.486,912,0.484,129,0.482,196,0.478,320,0.475
883,80,0.255,129,0.253,989,0.253,196,0.25,912,0.249
884,80,0.767,129,0.765,989,0.747,320,0.742,912,0.738
885,80,0.057,989,0.057,338,0.056,912,0.056,16,0.055
886,303,0.151,129,0.15,80,0.149,320,0.147,718,0.147
887,129,0.695,80,0.695,320,0.676,912,0.675,196,0.675
888,129,0.16,989,0.159,718,0.159,80,0.158,320,0.158
889,80,0.2,129,0.199,196,0.199,718,0.199,989,0.197
890,80,0.884,129,0.879,989,0.857,912,0.854,196,0.851
891,320,0.082,469,0.082,718,0.081,989,0.081,912,0.08
892,80,0.609,129,0.6,989,0.588,320,0.586,912,0.585
893,129,0.107,80,0.107,912,0.106,679,0.105,989,0.105
894,129,0.309,80,0.307,912,0.306,989,0.303,58,0.302
895,129,0.099,912,0.097,718,0.097,303,0.096,80,0.096
896,80,0.264,129,0.263,320,0.259,912,0.259,196,0.257
897,80,0.481,989,0.479,129,0.475,912,0.467,469,0.467
898,80,0.629,129,0.626,989,0.609,912,0.609,320,0.602
899,80,0.358,129,0.358,912,0.351,196,0.35,989,0.348
900,80,0.626,129,0.621,320,0.615,989,0.614,912,0.609
901,80,0.224,129,0.223,989,0.22,303,0.219,320,0.218
902,80,0.119,129,0.117,912,0.117,718,0.116,320,0.115
903,80,0.11,912,0.108,129,0.108,679,0.106,348,0.106
904,129,0.233,80,0.233,912,0.23,989,0.23,348,0.229
905,718,0.198,129,0.196,80,0.195,303,0.195,196,0.195
906,80,0.583,129,0.582,320,0.572,989,0.571,718,0.565
907,867,0.032,912,0.032,129,0.032,348,0.032,80,0.032
908,80,0.089,912,0.088,989,0.088,196,0.088,129,0.087
909,806,0.045,80,0.045,348,0.045,989,0.045,196,0.044
910,314,0.048,320,0.048,129,0.048,718,0.048,196,0.048
911,80,0.815,129,0.809,989,0.798,320,0.789,912,0.786
912,80,0.926,129,0.92,989,0.897,196,0.894,320,0.892
913,129,0.242,348,0.239,80,0.239,718,0.236,196,0.236
914,80,0.126,58,0.124,348,0.124,129,0.123,989,0.123
915,80,0.552,129,0.549,989,0.537,912,0.534,196,0.533
916,80,0.465,129,0.456,912,0.451,320,0.446,989,0.446
917,129,0.532,80,0.529,912,0.527,320,0.521,989,0.519
918,129,0.495,80,0.494,989,0.493,912,0.483,469,0.48
919,80,0.141,129,0.141,989,0.139,303,0.139,718,0.138
920,80,0.201,912,0.2,129,0.199,989,0.195,196,0.195
921,80,0.206,129,0.205,320,0.203,303,0.202,58,0.202
922,912,0.071,80,0.071,684,0.069,196,0.069,989,0.069
923,80,0.78,129,0.776,989,0.76,912,0.756,196,0.755
924,989,0.043,129,0.043,80,0.043,338,0.043,912,0.043
925,129,0.117,80,0.117,912,0.115,196,0.114,303,0.113
926,989,0.141,80,0.14,129,0.14,348,0.138,912,0.138
927,80,0.157,129,0.154,912,0.153,718,0.152,989,0.151
928,80,0.401,912,0.39,129,0.39,989,0.386,348,0.385
929,129,0.118,348,0.117,80,0.117,320,0.114,469,0.113
930,80,0.761,129,0.755,989,0.743,912,0.74,196,0.729
931,80,0.066,129,0.066,912,0.064,989,0.064,469,0.063
932,80,0.467,129,0.462,912,0.455,989,0.454,348,0.45
933,80,0.116,718,0.116,679,0.115,129,0.114,196,0.114
934,80,0.644,129,0.637,912,0.63,989,0.628,320,0.623
935,80,0.291,989,0.289,129,0.287,320,0.285,469,0.283
936,80,0.526,129,0.521,912,0.511,989,0.507,320,0.506
937,80,0.318,912,0.314,129,0.314,718,0.31,196,0.31
938,80,0.312,129,0.31,912,0.309,320,0.305,196,0.304
939,80,0.74,129,0.74,912,0.724,989,0.72,320,0.715
940,129,0.51,80,0.506,989,0.498,912,0.497,718,0.49
941,80,0.161,129,0.16,989,0.16,303,0.159,912,0.158
942,80,0.213,912,0.212,129,0.211,989,0.209,348,0.208
943,912,0.192,129,0.19,80,0.19,196,0.189,890,0.187
944,80,0.306,912,0.304,129,0.302,989,0.3,348,0.299
945,80,0.181,320,0.178,718,0.178,8,0.178,912,0.177
946,80,0.234,989,0.23,718,0.227,196,0.225,348,0.224
947,80,0.195,912,0.195,989,0.194,718,0.194,129,0.193
948,80,0.662,129,0.655,989,0.651,912,0.638,58,0.636
949,129,0.706,80,0.705,718,0.695,912,0.69,320,0.686
950,80,0.452,129,0.45,989,0.444,912,0.44,320,0.439
951,80,0.195,129,0.194,718,0.193,989,0.192,912,0.191
952,80,0.359,129,0.356,912,0.349,989,0.348,303,0.347
953,129,0.612,80,0.608,989,0.596,320,0.593,912,0.591
954,80,0.323,129,0.321,989,0.316,320,0.314,912,0.311
955,129,0.262,80,0.258,718,0.254,320,0.253,912,0.252
956,80,0.129,129,0.129,912,0.128,989,0.126,196,0.126
957,80,0.239,718,0.238,129,0.235,912,0.233,989,0.232
958,80,0.165,469,0.164,129,0.163,303,0.161,320,0.161
959,80,0.739,129,0.738,989,0.723,912,0.722,320,0.716
960,129,0.368,80,0.367,989,0.362,912,0.361,196,0.36
961,80,0.316,129,0.313,196,0.31,912,0.309,348,0.307
962,80,0.367,912,0.364,129,0.362,989,0.359,196,0.357
963,129,0.667,80,0.667,912,0.653,989,0.649,320,0.648
964,196,0.112,80,0.111,342,0.11,912,0.11,718,0.109
965,80,0.442,129,0.442,989,0.437,320,0.436,912,0.434
966,80,0.386,129,0.386,196,0.38,320,0.379,912,0.378
967,129,0.673,80,0.673,989,0.655,912,0.65,320,0.648
968,196,0.018,528,0.018,80,0.018,672,0.018,113,0.018
969,129,0.482,80,0.481,989,0.468,912,0.466,58,0.466
970,80,0.116,348,0.115,129,0.114,58,0.112,320,0.112
971,80,0.166,348,0.164,129,0.163,718,0.16,196,0.16
972,129,0.326,80,0.325,989,0.324,912,0.324,196,0.323
973,129,0.32,80,0.317,912,0.314,320,0.312,989,0.312
974,80,0.112,58,0.111,196,0.11,129,0.11,348,0.109
975,80,0.473,129,0.467,196,0.462,320,0.461,912,0.46
976,129,0.493,80,0.489,912,0.477,989,0.475,348,0.474
977,80,0.273,129,0.268,196,0.267,320,0.266,912,0.265
978,80,0.209,129,0.208,912,0.203,303,0.201,196,0.201
979,912,0.098,718,0.097,80,0.097,303,0.096,196,0.095
980,129,0.62,80,0.62,912,0.601,196,0.601,989,0.601
981,80,0.174,129,0.172,469,0.17,989,0.169,303,0.168
982,80,0.117,912,0.115,718,0.114,129,0.114,320,0.113
983,80,0.532,129,0.526,989,0.515,912,0.512,718,0.511
984,80,0.155,912,0.153,989,0.153,320,0.153,129,0.151
985,129,0.118,80,0.117,912,0.115,58,0.114,469,0.114
986,80,0.227,912,0.225,718,0.225,989,0.224,129,0.223
987,80,0.21,129,0.207,989,0.205,320,0.202,718,0.202
988,129,0.5,80,0.5,912,0.489,989,0.486,196,0.485
989,80,0.933,129,0.927,912,0.897,320,0.897,196,0.892
990,80,0.118,679,0.117,129,0.116,320,0.114,577,0.114
991,80,0.041,469,0.041,196,0.041,912,0.041,22,0.041
992,80,0.29,129,0.287,989,0.284,912,0.283,320,0.282
993,80,0.699,129,0.689,989,0.686,912,0.679,196,0.674
994,129,0.45,80,0.448,320,0.438,348,0.436,989,0.436
995,80,0.557,129,0.553,912,0.549,989,0.543,196,0.542
996,129,0.525,80,0.522,989,0.517,912,0.51,718,0.51
997,80,0.101,196,0.101,129,0.101,320,0.1,718,0.1
998,129,0.361,80,0.36,912,0.356,858,0.352,320,0.35
999,80,0.444,129,0.441,989,0.437,679,0.428,320,0.427
